,,,Category 5.0 & Segmentation,,,Category 5.0 & Segmentation,,Category 5.0 & Segmentation,,1 . Category Specific Attributes,,1 . Category Specific Attributes,,1 . Category Specific Attributes,,,1 . Category Specific Attributes,,,1 . Category Specific Attributes,,,1 . Category Specific Attributes,,,1 . Category Specific Attributes,,,1 . Category Specific Attributes,,,1 . Category Specific Attributes,,1 . Category Specific Attributes,,1 . Category Specific Attributes,,,1 . Category Specific Attributes,,,1 . Category Specific Attributes,,1 . Category Specific Attributes,,1 . Category Specific Attributes,,1 . Category Specific Attributes,,1 . Category Specific Attributes,,1 . Category Specific Attributes,,1 . Category Specific Attributes,,1 . Category Specific Attributes,,1 . Category Specific Attributes,,1 . Category Specific Attributes,,1 . Category Specific Attributes,,1 . Category Specific Attributes,,1 . Category Specific Attributes,,1 . Category Specific Attributes,,1 . Category Specific Attributes,,1 . Category Specific Attributes,,1 . Category Specific Attributes,,1 . Category Specific Attributes,,1 . Category Specific Attributes,,1 . Category Specific Attributes,,1 . Category Specific Attributes,,,1 . Category Specific Attributes,,1 . Category Specific Attributes,,1 . Category Specific Attributes,,1 . Category Specific Attributes,,1 . Category Specific Attributes,,1 . Category Specific Attributes,,1 . Category Specific Attributes,,1 . Category Specific Attributes,,2. Standard Electric Specs,,,2. Standard Electric Specs,,,2. Standard Electric Specs,,2. Standard Electric Specs,,2. Standard Electric Specs,,2. Standard Electric Specs,,2. Standard Electric Specs,,2. Standard Electric Specs,,,3. Product Dimensions,,3. Product Dimensions,,3. Product Dimensions,,3. Product Dimensions,,5. Packaging & What is included,,5. Packaging & What is included,,5. Packaging & What is included,,5. Packaging & What is included,,5. Packaging & What is included,
SKU,Description,Brand,Family Name,Family Name — in Akeneo,Family Name — in EPREL,Project ID,Project ID — in Akeneo,Replacement of SKU No,Replacement of SKU No — in Akeneo,Supplier Part Number,Supplier Part Number — in Akeneo,Size Cluster,Size Cluster — in Akeneo,Airflow (m³/h) Booster,Airflow (m³/h) Booster — in Akeneo,Airflow (m³/h) Booster — in EPREL,Airflow (m³/h) max,Airflow (m³/h) max — in Akeneo,Airflow (m³/h) max — in EPREL,Airflow (m³/h) min,Airflow (m³/h) min — in Akeneo,Airflow (m³/h) min — in EPREL,Grease Filtering Efficiency,Grease Filtering Efficiency — in Akeneo,Grease Filtering Efficiency — in EPREL,Air Flow Efficiency,Air Flow Efficiency — in Akeneo,Air Flow Efficiency — in EPREL,Lighting Efficiency,Lighting Efficiency — in Akeneo,Lighting Efficiency — in EPREL,Fan speed levels (w/o boosters),Fan speed levels (w/o boosters) — in Akeneo,Boost Levels,Boost Levels — in Akeneo,Noise emission (dB) at Boost level,Noise emission (dB) at Boost level — in Akeneo,Noise emission (dB) at Boost level — in EPREL,Noise emission (dB) at MIN power level,Noise emission (dB) at MIN power level — in Akeneo,Noise emission (dB) at MIN power level — in EPREL,Number of Carbon Filters Needed,Number of Carbon Filters Needed — in Akeneo,Carbon Filter Included?,Carbon Filter Included? — in Akeneo,Grease Filter dishwasher safe?,Grease Filter dishwasher safe? — in Akeneo,Number of filter layers,Number of filter layers — in Akeneo,Duct outlet (mm),Duct outlet (mm) — in Akeneo,Type of built-in work lights,Type of built-in work lights — in Akeneo,Number of built-in work lights,Number of built-in work lights — in Akeneo,Light power (W),Light power (W) — in Akeneo,RGB,RGB — in Akeneo,No. of Available RGB Colors,No. of Available RGB Colors — in Akeneo,Type of Control,Type of Control — in Akeneo,Type of Motor,Type of Motor — in Akeneo,Motor Power,Motor Power — in Akeneo,Exhaust Hose Included?,Exhaust Hose Included? — in Akeneo,Air Cleaning/Purification System?,Air Cleaning/Purification System? — in Akeneo,Odor or Steam Sensor?,Odor or Steam Sensor? — in Akeneo,Chimney Material,Chimney Material — in Akeneo,Height chimney (max),Height chimney (max) — in Akeneo,Height chimney (min),Height chimney (min) — in Akeneo,Auto Shut Off Function/Timer?,Auto Shut Off Function/Timer? — in Akeneo,Power consumption in standby mode (W),Power consumption in standby mode (W) — in Akeneo,Power consumption in standby mode (W) — in EPREL,Main Color,Main Color — in Akeneo,Secondary Color,Secondary Color — in Akeneo,IoT/Smart,IoT/Smart — in Akeneo,Special Attribute 1,Special Attribute 1 — in Akeneo,Special Attribute 2,Special Attribute 2 — in Akeneo,Special Attribute 3,Special Attribute 3 — in Akeneo,Special Attribute 4,Special Attribute 4 — in Akeneo,Special Attribute 5,Special Attribute 5 — in Akeneo,Energy efficiency class,Energy efficiency class — in Akeneo,Energy efficiency class — in EPREL,Annual energy consumption [kWh/year],Annual energy consumption [kWh/year] — in Akeneo,Annual energy consumption [kWh/year] — in EPREL,Voltage Range [V / Hz],Voltage Range [V / Hz] — in Akeneo,Type of plug,Type of plug — in Akeneo,Power cord length [m],Power cord length [m] — in Akeneo,IEC protection class [Schutzklasse],IEC protection class [Schutzklasse] — in Akeneo,Total Power (W),Total Power (W) — in Akeneo,Max Noise Emission [dB],Max Noise Emission [dB] — in Akeneo,Max Noise Emission [dB] — in EPREL,Product Height [cm],Product Height [cm] — in Akeneo,Product Width [cm],Product Width [cm] — in Akeneo,Product Depth [cm],Product Depth [cm] — in Akeneo,Product Weight [kg],Product Weight [kg] — in Akeneo,ISTA Level,ISTA Level — in Akeneo,How Many Boxes? [qty],How Many Boxes? [qty] — in Akeneo,Box 1 - Content [what's inside?],Box 1 - Content [what's inside?] — in Akeneo,Box 2 - Content [what's inside?],Box 2 - Content [what's inside?] — in Akeneo,Box 3 - Content [what's inside?],Box 3 - Content [what's inside?] — in Akeneo
10030822,Madonna 90cm A Class Slv,Klarstein,Madonna,,,,,,,,,90,,,,,624,,,228,,,E,,,A,,,A,,,,,,,,,,45,54.0000 DECIBEL,,,,,,Yes,,,,150,,LED,,,,1.5,,No,,,,Touch,,DC,,75,,Yes,,No,,No,,Stainless Steel,,,,,,Yes,,0.48,,,Silver,,,,No,,,,,,,,,,,,A,,,20,,,220-240 V ~ 50/60 Hz,,Type E/F - 2 pin (German) - Schuko,,,,Class I,,81,,68,,,113,,90,,60,,25,,ISTA 1A,,1,,Hood+Installation kit + Instruction Manual + Exhaust Hose,,,,,
10032301,Barett 35cm A+ Class Slv,Klarstein,Barett,,,,,,,,,35,,,,,557,,,303,,,D,,,C,,,A,,,,,,,,,,62,42.0000 DECIBEL,,,,,,Yes,,,,150,,LED,,,,,,No,,,,Electronic Button,,DC,,75,,No,,No,,No,,,,,,,,Yes,,,,,Silver,,,,No,,,,,,,,,,,,A+,,,16.2,,,220-240 V ~ 50/60 Hz,,No plug,,,,Class I,,77,,72,,,38,,35,,35,,10,,ISTA 1A+,,1,,Hood+Installation kit + Instruction Manual + 2 Carbon Filter,,,,,
10032302,Barett 35cm A+ Class Wht,Klarstein,Barett,,,,,,,,,35,,,,,557,,,303,,,D,,,C,,,A,,,,,,,,,,62,42.0000 DECIBEL,,,,,,Yes,,,,150,,LED,,,,,,No,,,,Electronic Button,,DC,,75,,No,,No,,No,,,,,,,,Yes,,,,,White,,,,No,,,,,,,,,,,,A+,,,16.2,,,220-240 V ~ 50/60 Hz,,No plug,,,,Class I,,77,,72,,,38,,35,,35,,10,,ISTA 1A+,,1,,Hood+Installation kit + Instruction Manual + 2 Carbon Filter,,,,,
10032303,Barett 35cm A+ Class Blk,Klarstein,Barett,,,,,,,,,35,,,,,522,,,191,,,C,,,B,,,A,,,,,,,,,,42,,,,,,,Yes,,,,150,,LED,,,,,,No,,,,Electronic Button,,DC,,75,,No,,No,,No,,,,,,,,Yes,,0.48,,,Black,,,,No,,,,,,,,,,,,A+,,,16.2,,,220-240 V ~ 50/60 Hz,,No plug,,,,Class I,,77,,65,,,38,,35,,35,,10,,ISTA 1A+,,1,,Hood+Installation kit + Instruction Manual + 2 Carbon Filter,,,,,
10032579,Tron Ambience Island Extractor Hood,Klarstein,Tron Ambience,,,,,,,,,38,,,,,521,,,365,,,E,,,B,,,E,,,,,,,,,,60,,,,,,,,,,,,,,,,,,,,,,,,,,,,,,,,,,,,,,,,,,,,,,Stainless Steel,,,,No,,,,,,,,,,,,A,,,37.6,,,220-240V~ / 50Hz,,,,,,,,,,66,,,45,,,,,,15,,,,,,,,,,,
10032902,Valeria 90cm A Class Blk,Klarstein,Valeria,,,,,,,,,90,,,,,642,,,348,,,D,,,A,,,B,,,,,,,78,,,70,,,,,,,Yes,,,,150,,LED,,,,1.5,,No,,,,Touch,,DC,,75,,Yes,,No,,No,,Coated Steel,,,,,,Yes,,0.46,,,Black,,,,No,,,,,,,,,,,,A,,,47.9,,,220-240 V ~ 50/60 Hz,,Type E/F - 2 pin (German) - Schuko,,,,Class I,,81,,78,,,119,,90,,60,,33,,ISTA 1A,,1,,Hood+Installation kit + Instruction Manual + Exhaust Hose,,,,,
10033106,Kronleuchter 60cm A Class Blk,Klarstein,Kronleuchter,,,,,,,,,60,,,,,577,,,402,,,B,,,A,,,A,,,,,,,,,,51,,,,,,,Yes,,,,150,,LED,,,,,,No,,,,Touch,,AC,,165,,No,,No,,No,,,,,,,,Yes,,0.01,,,Black,,,,No,,,,,,,,,,,,A,,,36.2,,,220-240 V ~ 50/60 Hz,,Type E/F - 2 pin (German) - Schuko,,1.5,,Class I,,168,,58,,,35,,60,,35,,20,,,,1,,Hood+Installation kit + Instruction Manual,,,,,
10033107,Kronleuchter 60cm A Class Wht,Klarstein,Kronleuchter,,,,,,,,,60,,,,,577,,,402,,,B,,,A,,,A,,,,,,,,,,51,,,,,,,Yes,,,,150,,LED,,,,,,No,,,,Touch,,AC,,165,,No,,No,,No,,,,,,,,Yes,,0.01,,,White,,,,No,,,,,,,,,,,,A,,,36.2,,,220-240 V ~ 50/60 Hz,,Type E/F - 2 pin (German) - Schuko,,1.5,,Class I,,168,,58,,,35,,60,,35,,20,,,,1,,Hood+Installation kit + Instruction Manual,,,,,
10033108,Kronleuchter 90cm A Class Blk,Klarstein,Kronleuchter,,,,,,,,,90,,,,,577,,,402,,,C,,,A,,,B,,,,,,,,,,51,,,,,,,Yes,,,,150,,LED,,,,,,No,,,,Touch,,AC,,165,,No,,No,,No,,,,,,,,Yes,,0.01,,,Black,,,,No,,,,,,,,,,,,A,,,36.2,,,220-240 V ~ 50/60 Hz,,Type E/F - 2 pin (German) - Schuko,,1.5,,Class I,,168,,58,,,35,,90,,35,,23,,,,1,,Hood+Installation kit + Instruction Manual,,,,,
10033717,Beretta 90cm A+ Class Slv,Klarstein,Beretta,,,,,,,,,35,,,,,519,,,189,,,C,,,B,,,A,,,,,,,,,,42,,,,,,,Yes,,,,150,,LED,,,,,,No,,,,Electronic Button,,DC,,75,,Yes,,No,,No,,Stainless Steel,,,,,,No,,0.48,,,Silver,,,,No,,,,,,,,,,,,A+,,,16.3,,,220-240 V ~ 50/60 Hz,,Type E/F - 2 pin (German) - Schuko,,,,Class I,,77,,65,,,118,,35,,35,,17,,ISTA 1A,,1,,Hood+Installation kit + Instruction Manual + 2 Carbon Filter,,,,,
10033718,Beretta 90cm A+ Class Blk,non-own Brands,Beretta,,,,,,,,,35,,,,,519,,,189,,,C,,,B,,,A,,,,,,,,,,42,,,,,,,Yes,,,,150,,LED,,,,,,No,,,,Electronic Button,,DC,,75,,Yes,,No,,No,,Coated Steel,,,,,,No,,0.48,,,Black,,,,No,,,,,,,,,,,,A+,,,16.3,,,220-240 V ~ 50/60 Hz,,Type E/F - 2 pin (German) - Schuko,,,,Class I,,77,,65,,,118,,35,,35,,17,,ISTA 1A,,1,,Hood+Installation kit + Instruction Manual + 2 Carbon Filter,,,,,
10033719,Beretta 90cm A+ Class Wht,Klarstein,Beretta,,,,,,,,,35,,,,,519,,,189,,,C,,,B,,,A,,,,,,,,,,42,,,,,,,Yes,,,,150,,LED,,,,,,No,,,,Electronic Button,,DC,,75,,Yes,,No,,No,,Coated Steel,,,,,,No,,0.48,,,White,,,,No,,,,,,,,,,,,A+,,,16.3,,,220-240 V ~ 50/60 Hz,,Type E/F - 2 pin (German) - Schuko,,,,Class I,,77,,65,,,118,,35,,35,,17,,ISTA 1A,,1,,Hood+Installation kit + Instruction Manual + 2 Carbon Filter,,,,,
10034213,Tron Ambience 40cm A Class Blk,Klarstein,Tron Ambience,,,,,,,,,,,,,,521,,,365,,,E,,,B,,,E,,,,,,,66,,,60,,,,,,,Yes,,,,150,,LED,,,,,,Yes,,,,Electronic Button,,AC,,165,,No,,No,,No,,,,,,,,No,,,,,Black,,,,No,,,,,,,,,,,,A,,,37.6,,,220-240 V ~ 50/60 Hz,,No plug,,1.5,,Class I,,165,,66,,,42,,38,,38,,22,,,,1,,Hood+Installation kit + Instruction Manual + 2 Carbon Filter,,,,,
10034214,Tron Ambience 40cm A Class Wht,Klarstein,Tron Ambience,,,,,,,,,38,,,,,521,,,365,,,E,,,B,,,E,,,,,,,66,,,60,,,,,,,Yes,,,,150,,LED,,,,,,Yes,,,,Electronic Button,,AC,,165,,No,,No,,No,,,,,,,,No,,,,,White,,,,No,,,,,,,,,,,,A,,,37.6,,,220-240 V ~ 50/60 Hz,,No plug,,1.5,,Class I,,165,,66,,,42,,38,,38,,22,,,,1,,Hood+Installation kit + Instruction Manual + 2 Carbon Filter,,,,,
10034523,Kronleuchter 90cm A Class Wht,Klarstein,Kronleuchter,,,,,,,,,38,,,,,577,,,402,,,C,,,A,,,B,,,,,,,58,,,51,,,,,,,Yes,,,,150,,LED,,,,,,Yes,,,,Electronic Button,,AC,,165,,No,,No,,No,,,,,,,,No,,0.01,,,White,,,,No,,,,,,,,,,,,A,,,36.2,,,220-240 V ~ 50/60 Hz,,Type E/F - 2 pin (German) - Schuko,,1.5,,Class I,,165,,58,,,42,,90,,38,,22,,,,1,,Hood+Installation kit + Instruction Manual + 2 Carbon Filter,,,,,
10034849,Structura 90cm A Class Slv,Klarstein,Structura,,,,,,,,,41,,,,,624,,,272,,,D,,,A,,,A,,,,,,,,,,59,,,,,,,Yes,,,,150,,LED,,,,1.5,,No,,,,Electronic Button,,AC,,250,,No,,No,,No,,Stainless Steel,,1174,,655,,Yes,,,,,Silver,,,,No,,,,,,,,,,,,A,,,44.3,,,220-240 V ~ 50/60 Hz,,Type C 16A - 2 pin (Europlug),,1.3,,Class I,,253,,72,,,117.4,,41,,36,,20,,ISTA 3A,,1,,Hood+Installation kit + Instruction Manual + 2 Carbon Filter,,,,,
10034850,Structura 90cm A Class Blk,Klarstein,Structura,,,,,,,,,41,,,,,624,,,272,,,D,,,A,,,A,,,,,,,,,,59,,,,,,,Yes,,,,150,,LED,,,,1.5,,No,,,,Electronic Button,,AC,,250,,No,,No,,No,,Coated Steel,,1174,,655,,Yes,,,,,Black,,,,No,,,,,,,,,,,,A,,,44.3,,,220-240 V ~ 50/60 Hz,,Type C 16A - 2 pin (Europlug),,1.3,,Class I,,253,,72,,,117.4,,41,,36,,20,,ISTA 3A,,1,,Hood+Installation kit + Instruction Manual + 2 Carbon Filter,,,,,
10034974,Valeria 90cm A Class Wht,Klarstein,Valeria,,,,,,,,,90,,,,,642,,,348,,,D,,,A,,,B,,,,,,,,,,70,,,,,,,Yes,,,,150,,LED,,,,1.5,,No,,,,Touch,,DC,,75,,Yes,,No,,No,,Coated Steel,,,,,,Yes,,0.46,,,White,,,,No,,,,,,,,,,,,A,,,47.9,,,220-240 V ~ 50/60 Hz,,Type E/F - 2 pin (German) - Schuko,,,,Class I,,81,,78,,,119,,90,,60,,33,,ISTA 1A,,1,,Hood+Installation kit + Instruction Manual + Exhaust Hose,,,,,
10035165,Barett 35cm A+ Class Cpp,Klarstein,Barett,,,,,,,,,35,,,,,522,,,191,,,C,,,B,,,A,,,,,,,,,,42,,,,,,,Yes,,,,150,,LED,,,,,,No,,,,Electronic Button,,DC,,75,,No,,No,,No,,,,,,,,Yes,,0.48,,,Copper,,,,No,,,,,,,,,,,,A+,,,16.2,,,220-240 V ~ 50/60 Hz,,No plug,,,,Class I,,77,,65,,,38,,35,,35,,10,,ISTA 1A+,,1,,Hood+Installation kit + Instruction Manual + 2 Carbon Filter,,,,,
10035166,Beretta 90cm A+ Class Cpp,Klarstein,Beretta,,,,,,,,,35,,,,,372,,,295,,,C,,,C,,,A,,,,,,,71,,,61,,,,,,,Yes,,,,150,,LED,,,,,,No,,,,Electronic Button,,DC,,75,,Yes,,No,,No,,Coated Steel,,,,,,No,,,,,Copper,,,,No,,,,,,,,,,,,C,,,66,,,220-240 V ~ 50/60 Hz,,Type E/F - 2 pin (German) - Schuko,,,,Class I,,77,,71,,,118,,35,,35,,17,,ISTA 1A,,1,,Hood+Installation kit + Instruction Manual + 2 Carbon Filter,,,,,
10035378,Skyfall 45cm C Class Gld,Klarstein,Skyfall,,,,,,,,,45,,413,,,402,,,226,,,E,,,D,,,A,,,3,,1,,62,,,48,,,,,,,Yes,,,,,,LED,,,,20,,No,,,,Knob,,AC,,200,,No,,No,,No,,,,1450,,,,No,,1.68,,,Gold,,,,No,,,,,,,,,,,,C,,,66.6,,,220-240 V ~ 50/60 Hz,,No plug,,1.85,,Class I,,220,,62,,,187,,45,,45,,12.7,,ISTA 1A,,1,,Hood+Installation kit + Instruction Manual + 2 Carbon Filter,,,,,
10035379,Skyfall 45cm C Class Blk,Klarstein,Skyfall,,,,,,,,,45,,413,,,402,,,226,,,E,,,D,,,A,,,3,,1,,62,,,48,,,,,,,Yes,,,,,,LED,,,,20,,No,,,,Knob,,AC,,200,,No,,No,,No,,,,1450,,,,No,,1.68,,,Black,,,,No,,,,,,,,,,,,C,,,66.6,,,220-240 V ~ 50/60 Hz,,No plug,,1.85,,Class I,,220,,62,,,187,,45,,45,,12.7,,ISTA 1A,,1,,Hood+Installation kit + Instruction Manual + 2 Carbon Filter,,,,,
10035710,Kronleuchter 40cm A Class Smart Blk,Klarstein,Kronleuchter,,,,,,,,,40,,595,,,498,,,243,,,E,,,B,,,E,,,3,,1,,67,,,46,,,,,,,Yes,,,,150,,LED,,,,10,,No,,,,Touch,,AC,,240,,No,,No,,No,,,,,,,,Yes,,,,,Black,,,,Yes,,,,,,,,,,,,A,,,44.3,,,220-240 V ~ 50/60 Hz,,Type C 16A - 2 pin (Europlug),,1.3,,Class I,,250,,64,,,44.5,,40,,40,,15.5,,ISTA 3A,,1,,Hood+Installation kit + Instruction Manual + 2 Carbon Filter,,,,,
10035711,Kronleuchter 40cm A Class Smart Wht,Klarstein,Kronleuchter,,,,,,,,,40,,595,,,498,,,243,,,E,,,B,,,E,,,3,,1,,67,,,46,,,,,,,Yes,,,,150,,LED,,,,10,,No,,,,Touch,,AC,,240,,No,,No,,No,,,,,,,,Yes,,,,,White,,,,Yes,,,,,,,,,,,,A,,,44.3,,,220-240 V ~ 50/60 Hz,,Type C 16A - 2 pin (Europlug),,1.3,,Class I,,250,,64,,,44.5,,40,,40,,15.5,,ISTA 3A,,1,,Hood+Installation kit + Instruction Manual + 2 Carbon Filter,,,,,
10035974,Kronleuchter 45cm A Class Blk,Klarstein,Kronleuchter,,,,,,,,,44,,,,,596,,,300,,,D,,,A,,,A,,,,,,,,,,58,,,,,,,Yes,,,,150,,LED,,,,,,No,,,,Electronic Button,,AC,,230,,No,,No,,No,,,,,,,,No,,,,,Black,,,,No,,,,,,,,,,,,A,,,40.3,,,220-240 V ~ 50/60 Hz,,No plug,,1.5,,Class I,,233,,69,,,44,,44,,44,,18,,,,1,,Hood+Installation kit + Instruction Manual + 2 Carbon Filter,,,,,
10037973,Skyfall 45cm C Class Slv,Klarstein,Skyfall,,,,,,,,,45,,413,,,402,,,226,,,E,,,D,,,A,,,3,,1,,62,,,48,,,,,,,Yes,,,,,,LED,,,,20,,No,,,,Knob,,AC,,200,,No,,No,,No,,,,1450,,,,No,,,,,Silver,,,,No,,,,,,,,,,,,C,,,66.6,,,220-240 V ~ 50/60 Hz,,No plug,,1.85,,Class I,,220,,62,,,187,,45,,45,,12.7,,ISTA 1A,,1,,Hood+Installation kit + Instruction Manual + 2 Carbon Filter,,,,,
10038708,Futurelight 45cm C Class Smart Gld,Klarstein,Futurelight,,,,,,,,,45,,413,,,402,,,227,,,E,,,D,,,A,,,3,,1,,62,,,48,,,,,,,Yes,,,,,,LED,,,,,,No,,,,Knob,,AC,,200,,No,,No,,No,,,,1450,,,,No,,,,,Gold,,,,Yes,,,,,,,,,,,,C,,,60.6,,,220-240 V ~ 50/60 Hz,,No plug,,1.85,,Class I,,220,,62,,,187,,45,,45,,13.1,,ISTA 1A,,1,,Hood+Installation kit + Instruction Manual + 2 Carbon Filter,,,,,
10038709,Futurelight 45cm C Class Smart Blk,Klarstein,Futurelight,,,,,,,,,45,,413,,,402,,,227,,,E,,,D,,,A,,,3,,1,,62,,,48,,,,,,,Yes,,,,,,LED,,,,,,No,,,,Knob,,AC,,200,,No,,No,,No,,,,1450,,,,No,,,,,Black,,,,Yes,,,,,,,,,,,,C,,,60.6,,,220-240 V ~ 50/60 Hz,,No plug,,1.85,,Class I,,220,,62,,,187,,45,,45,,13.1,,ISTA 1A,,1,,Hood+Installation kit + Instruction Manual + 2 Carbon Filter,,,,,
10038710,Futurelight 45cm C Class Smart Slv,Klarstein,Futurelight,,,,,,,,,45,,413,,,402,,,227,,,E,,,D,,,A,,,3,,1,,62,,,48,,,,,,,Yes,,,,,,LED,,,,,,No,,,,Knob,,AC,,200,,No,,No,,No,,,,1450,,,,No,,,,,Silver,,,,Yes,,,,,,,,,,,,C,,,60.6,,,220-240 V ~ 50/60 Hz,,No plug,,1.85,,Class I,,220,,62,,,187,,45,,45,,13.1,,ISTA 1A,,1,,Hood+Installation kit + Instruction Manual + 2 Carbon Filter,,,,,
10041223,Bolea 90cm A++ Class Blk,Klarstein,Bolea,,,,,,,,,38,,651,,,581,,,367,,,D,,,A,,,A,,,3,,1,,67,,,48,,,,,,,Yes,,,,150,,LED,,,,,,No,,,,Electronic Button,,DC,,120,,No,,No,,No,,Coated Steel,,1333,,760,,Yes,,,,,Black,,,,No,,,,,,,,,,,,A++,,,22.2,,,220-240 V ~ 50/60 Hz,,Type C 16A - 2 pin (Europlug),,1.3,,Class I,,126,,65,,,133.3,,38,,38,,22,,ISTA 3A,,1,,Hood+Installation kit + Instruction Manual + 2 Carbon Filter,,,,,
10041224,Bolea 90cm A++ Class Slv,Klarstein,Bolea,,,,,,,,,38,,651,,,581,,,367,,,D,,,A,,,A,,,3,,1,,67,,,48,,,,,,,Yes,,,,150,,LED,,,,,,No,,,,Electronic Button,,DC,,120,,No,,No,,No,,Stainless Steel,,1333,,760,,Yes,,,,,Silver,,,,No,,,,,,,,,,,,A++,,,22.2,,,220-240 V ~ 50/60 Hz,,Type C 16A - 2 pin (Europlug),,1.3,,Class I,,126,,65,,,133.3,,38,,38,,22,,ISTA 3A,,1,,Hood+Installation kit + Instruction Manual + 2 Carbon Filter,,,,,
10041225,Bolea 90cm A++ Class Wht,Klarstein,Bolea,,,,,,,,,38,,651,,,581,,,367,,,D,,,A,,,A,,,3,,1,,67,,,48,,,,,,,Yes,,,,150,,LED,,,,,,No,,,,Electronic Button,,DC,,120,,No,,No,,No,,Coated Steel,,1333,,760,,Yes,,,,,White,,,,No,,,,,,,,,,,,A++,,,22.2,,,220-240 V ~ 50/60 Hz,,Type C 16A - 2 pin (Europlug),,1.3,,Class I,,126,,65,,,133.3,,38,,38,,22,,ISTA 3A,,1,,Hood+Installation kit + Instruction Manual + 2 Carbon Filter,,,,,
10045304,Colette 90cm A++ Class Slv,Klarstein,Colette,,,,,,,,,90,,601,,,523,,,327,,,D,,,A,,,A,,,3,,1,,63,,,51,,,,,,,Yes,,,,150,,LED,,,,1.5,,No,,,,Touch,,DC,,70,,No,,No,,No,,Stainless Steel,,1190,,600,,Yes,,,,,Silver,,,,No,,,,,,,,,,,,A++,,,12.7,,,220-240 V ~ 50/60 Hz,,Type C 16A - 2 pin (Europlug),,1.3,,Class I,,73,,62,,,123,,90,,60,,22.3,,ISTA 3A,,,,Hood+Installation kit + Instruction Manual + 2 Carbon Filter,,,,,
10045488,Beretta Premium 90cm A Class Smart Blk,Klarstein,Beretta Premium,,,,,,,,,90,,544,,,471,,,250,,,D,,,A,,,A,,,3,,1,,68,,,64,,,,,,,Yes,,,,150,,LED,,,,,,Yes,,,,Electronic Button,,DC,,120,,No,,No,,No,,Coated Steel,,1340,,755,,Yes,,,,,Black,,,,Yes,,,,,,,,,,,,A,,,28.7,,,220-240 V ~ 50/60 Hz,,Type C 16A - 2 pin (Europlug),,1.3,,Class I,,133,,65,,,134,,90,,50,,30,,ISTA 3A,,2,,Hood+Installation kit + Instruction Manual + 2 Carbon Filter,,Glass,,,
10045489,Beretta Premium 90cm A Class Smart Wht,Klarstein,Beretta Premium,,,,,,,,,90,,544,,,471,,,250,,,D,,,A,,,A,,,3,,1,,68,,,64,,,,,,,Yes,,,,150,,LED,,,,,,Yes,,,,Electronic Button,,DC,,120,,No,,No,,No,,Coated Steel,,1340,,755,,Yes,,,,,White,,,,Yes,,,,,,,,,,,,A,,,28.7,,,220-240 V ~ 50/60 Hz,,Type C 16A - 2 pin (Europlug),,1.3,,Class I,,133,,65,,,134,,90,,50,,30,,ISTA 3A,,2,,Hood+Installation kit + Instruction Manual + 2 Carbon Filter,,Glass,,,
10045490,Beretta Premium 90cm A Class Smart Slv,Klarstein,Beretta Premium,,,,,,,,,90,,544,,,471,,,250,,,D,,,A,,,A,,,3,,1,,68,,,64,,,,,,,Yes,,,,150,,LED,,,,,,Yes,,,,Electronic Button,,DC,,120,,No,,No,,No,,Stainless Steel,,1340,,755,,Yes,,,,,Silver,,,,Yes,,,,,,,,,,,,A,,,28.7,,,220-240 V ~ 50/60 Hz,,Type C 16A - 2 pin (Europlug),,1.3,,Class I,,133,,65,,,134,,90,,50,,30,,ISTA 3A,,2,,Hood+Installation kit + Instruction Manual + 2 Carbon Filter,,Glass,,,
10046844,Klarstein Torian 45cm Black,Klarstein,Torian,,,,,,,,,,,,,,,,,,,,,,,,,,,,,,,,,,,,,,,,,,,,,,,,,,,,,,,,,,,,,,,,,,,,,,,,,,,,,,,,,,Black,,,,,,,,,,,,,,,,,,,,,,,,,,,,,,,,,,,37,,59.8,,50.3,,11.42,,,,,,,,,,,
10047355,Velaire Lift-Ceiling Hood 40 Bk,Klarstein,Velaire,,,,,,,,,,,,,,601,,,399,,,E,,,A,,,A,,,,,,,,,,54,,,,,,,Yes,,,,150,,LED,,,,,,No,,,,Touch,,DC,,110,,No,,No,,No,,,,,,,,Yes,,,,,Black,,,,No,,,,,,,,,,,,A++,,,15.6,,,220-240 V ~ 50/60 Hz,,No plug,,1.6,,Class I,,115,,62,,,40,,41,,41,,20,,ISTA 1A+,,1,,Hood+Installation kit + Instruction Manual + 2 Carbon Filter,,,,,
10047356,Velaire Lift-Ceiling Hood 40 Wh,Klarstein,Velaire,,,,,,,,,,,,,,601,,,399,,,E,,,A,,,A,,,,,,,,,,54,,,,,,,Yes,,,,150,,LED,,,,,,No,,,,Touch,,DC,,110,,No,,No,,No,,,,,,,,Yes,,,,,White,,,,No,,,,,,,,,,,,A++,,,15.6,,,220-240 V ~ 50/60 Hz,,No plug,,1.6,,Class I,,115,,62,,,40,,41,,41,,20.5,,ISTA 1A+,,1,,Hood+Installation kit + Instruction Manual + 2 Carbon Filter,,,,,
10047646,Kronleuchter L Island Hood black-UK,,Kronleuchter,,,,,,,,,,,,,,577,,,402,,,B,,,A,,,A,,,,,,,58,,,51,,,,,,,,,,,,,,,,,,,,,,,,,,,,,,,,,,,,,,,,,,,0.5,,,Black,,,,No,,,,,,,,,,,,A,,,36.2,,,220-240 V ~ 50/60 Hz,,Type G (BS 1363) 'commonwealth plug',,150,,,,165,,58,,,35,,60,,35,,16.9,,,,,,,,,,,
10047647,Kronleuchter XL Island Hood black-UK,,Kronleuchter,,,,,,,,,,,,,,577,,,402,,,B,,,A,,,A,,,,,,,58,,,51,,,,,,,,,,,,,,,,,,,,,,,,,,,,,,,,,,,,,,,,,,,0.5,,,Black,,,,No,,,,,,,,,,,,A,,,36.2,,,,,Type G (BS 1363) 'commonwealth plug',,150,,,,,,58,,,35,,90,,35,,25,,,,,,,,,,,
10047648,Kronleuchter L Island Hood white-UK,,Kronleuchter,,,,,,,,,,,,,,577,,,402,,,B,,,A,,,A,,,,,,,58,,,51,,,,,,,,,,,,,,,,,,,,,,,,,,,,,,,,,,,,,,,,,,,0.5,,,White,,,,No,,,,,,,,,,,,A,,,36.2,,,220-240 V ~ 50/60 Hz,,Type G (BS 1363) 'commonwealth plug',,150,,,,165,,58,,,35,,60,,35,,16.9,,,,,,,,,,,
10047649,Kronleuchter XL Kitchen Island Extrac-UK,,Kronleuchter,,,,,,,,,,,,,,577,,,402,,,B,,,A,,,A,,,,,,,58,,,51,,,,,,,,,,,,,,,,,,,,,,,,,,,,,,,,,,,,,,,,,,,0.5,,,White,,,,No,,,,,,,,,,,,A,,,36.2,,,,,Type G (BS 1363) 'commonwealth plug',,150,,,,,,58,,,35,,90,,35,,25,,,,,,,,,,,
10047650,Klarstein Kronleuchter Black-UK,,Kronleuchter,,,,,,,,,,,,,,617,,,291,,,D,,,A,,,A,,,,,,,69,,,58,,,,,,,,,,,,,,,,,,,,,,,,,,,,,,,,,,,,,,,,,,,0.5,,,Black,,,,No,,,,,,,,,,,,A,,,40.3,,,220-240 V ~ 50/60 Hz,,Type G (BS 1363) 'commonwealth plug',,150,,,,250,,69,,,44.5,,40,,40,,12.5,,,,,,,,,,,
10047659,Remy Ceiling Hood Substructure Hood-UK,,Remy,,,,,,,,,,,,,,,,,,,,,,,,,,,,,,,,,,,,57,,,,,,,,,,,,,,,,,,,,,,,,,,,,,,,,,,,,,,,,,,,0.01,,,Black,,,,No,,,,,,,,,,,,A,,,42.1,,,220-240 V ~ 50/60 Hz,,,,,,,,230,,68,,,32,,,,47,,20,,,,,,,,,,,
10047660,Remy Ceiling Hood 90 620 m³/ h 230W-UK,,Remy,,,,,,,,,,,,,,,,,,,,,,,,,,,,,,,,,,,,57,,,,,,,,,,,,,,,,,,,,,,,,,,,,,,,,,,,,,,,,,,,0.01,,,White,,,,No,,,,,,,,,,,,A,,,42.1,,,220-240 V ~ 50/60 Hz,,,,,,,,230,,68,,,32,,,,47,,20,,,,,,,,,,,
10047661,Tron Ambience Island Extractor Hood-UK,,Tron Ambience,,,,,,,,,,,,,,521,,,365,,,E,,,B,,,E,,,,,,,,,,60,,,,,,,,,,,,,,,,,,,,,,,,,,,,,,,,,,,,,,,,,,,,,,Stainless Steel,,,,No,,,,,,,,,,,,A,,,37.6,,,220-240V~ / 50Hz,,Type G (BS 1363) 'commonwealth plug',,,,,,,,66,,,45,,,,,,15,,,,,,,,,,,
10047662,Tron Ambience Island Cooker Extractor-UK,,Tron Ambience,,,,,,,,,,,,,,521,,,365,,,E,,,B,,,E,,,,,,,,,,60,,,,,,,,,,,,,,,,,,,,,,,,,,,,,,,,,,,,,,,,,,,,,,Black,,,,No,,,,,,,,,,,,A,,,37.6,,,220-240V~ / 50Hz,,Type G (BS 1363) 'commonwealth plug',,,,,,,,66,,,45,,,,,,15,,,,,,,,,,,
10047663,Tron Ambience Island Extractor Hood Ø-UK,,Tron Ambience,,,,,,,,,,,,,,521,,,365,,,E,,,B,,,E,,,,,,,,,,60,,,,,,,,,,,,,,,,,,,,,,,,,,,,,,,,,,,,,,,,,,,,,,White,,,,No,,,,,,,,,,,,A,,,37.6,,,220-240V~ / 50Hz,,Type G (BS 1363) 'commonwealth plug',,,,,,,,66,,,45,,,,,,15,,,,,,,,,,,
10047693,Barett Island Cooker black-UK,,Barett,,,,,,,,,,,,,,522,,,191,,,C,,,B,,,A,,,,,,,,,,42,,,,,,,,,,,,,,,,,,,,,,,,,,,,,,,,,,,,,,,,,,,0.48,,,Black,,,,No,,,,,,,,,,,,A+,,,16.2,,,220-240V~ / 50Hz,,No plug,,1.8,,,,190,,65,,,35,,35,,35,,16.9,,,,,,,,,,,
10047694,Barett Island Cooker white-UK,,Barett,,,,,,,,,,,,,,522,,,191,,,C,,,B,,,A,,,,,,,,,,42,,,,,,,,,,,,,,,,,,,,,,,,,,,,,,,,,,,,,,,,,,,0.48,,,White,,,,No,,,,,,,,,,,,A+,,,16.2,,,220-240V~ / 50Hz,,No plug,,1.8,,,,190,,65,,,35,,35,,35,,16.9,,,,,,,,,,,
10047695,Klarstein Barett Inselabzugshaube cop-UK,,Barett,,,,,,,,,,,,,,522,,,191,,,C,,,B,,,A,,,,,,,,,,42,,,,,,,,,,,,,,,,,,,,,,,,,,,,,,,,,,,,,,,,,,,0.48,,,Copper Metallic,,,,No,,,,,,,,,,,,A+,,,16.2,,,220-240V~ / 50Hz,,No plug,,1.8,,,,190,,65,,,35,,35,,35,,16.9,,,,,,,,,,,
10047696,Barett Island Cooker steel-UK,,Barett,,,,,,,,,,,,,,522,,,191,,,C,,,B,,,A,,,,,,,,,,42,,,,,,,,,,,,,,,,,,,,,,,,,,,,,,,,,,,,,,,,,,,0.48,,,Stainless Steel,,,,No,,,,,,,,,,,,A+,,,16.2,,,220-240V~ / 50Hz,,No plug,,1.8,,,,190,,65,,,35,,35,,35,,16.9,,,,,,,,,,,
10047697,Beretta Island Cooker Hood steel-UK,,Beretta,,,,,,,,,,,,,,519,,,189,,,C,,,B,,,A,,,,,,,,,,42,,,,,,,,,,,,,,,,,,,,,,,,,,,,,,,,,,,,,,,,,,,0.48,,,Stainless Steel,,,,No,,,,,,,,,,,,A+,,,16.3,,,220-240V~ / 50Hz,,No plug,,1.8,,,,190,,65,,,60,,35,,35,,9.4,,,,,,,,,,,
10047698,Beretta Island Cooker Hood black-UK,,Beretta,,,,,,,,,,,,,,519,,,189,,,C,,,B,,,A,,,,,,,,,,42,,,,,,,,,,,,,,,,,,,,,,,,,,,,,,,,,,,,,,,,,,,0.48,,,Black,,,,No,,,,,,,,,,,,A+,,,16.3,,,220-240V~ / 50Hz,,No plug,,1.8,,,,190,,65,,,60,,35,,35,,9.4,,,,,,,,,,,
10047699,Klarstein Beretta Inselabzugshaube Ku-UK,,Beretta,,,,,,,,,,,,,,519,,,189,,,C,,,B,,,A,,,,,,,,,,42,,,,,,,,,,,,,,,,,,,,,,,,,,,,,,,,,,,,,,,,,,,0.48,,,Copper Metallic,,,,No,,,,,,,,,,,,A+,,,16.3,,,220-240V~ / 50Hz,,No plug,,1.8,,,,190,,65,,,60,,35,,35,,9.4,,,,,,,,,,,
10047700,Beretta Island Cooker Hood white-UK,,Beretta,,,,,,,,,,,,,,519,,,189,,,C,,,B,,,A,,,,,,,,,,42,,,,,,,,,,,,,,,,,,,,,,,,,,,,,,,,,,,,,,,,,,,0.48,,,White,,,,No,,,,,,,,,,,,A+,,,16.3,,,220-240V~ / 50Hz,,No plug,,1.8,,,,190,,65,,,60,,35,,35,,9.4,,,,,,,,,,,
10048657,Valeria A+ Class 60cm Blk,Klarstein,Valeria,,,MDA25075,,,,UT0460G,,60,,632,,,500,,,306,,,F,,,A,,,A,,,3,,1,,64,,,50,,,,,,,Yes,,,,150,,LED,,,,10,,No,,,,Touch,,DC,,110,,No,,No,,No,,Stainless Steel,,990,,500,,Yes,,,,,Silver,,Black,,No,,,,,,,,,,,,A+,,,20.7,,,220-240 V ~ 50/60 Hz,,Type C <2.5A - 2 pin (Europlug),,1.2,,Class I,,116,,62,,,99,,59.9,,59.6,,21,,ISTA 1A,,1,,"hood,chimney,carton filters, screws bag, ceiling spare parts and instruction manual.",,,,,
10048663,Nexture A++ Class Blk,Klarstein,Nexture,,,MDA25078,,,,UI0841G,,41,,661,,,541,,,335,,,F,,,A,,,A,,,3,,1,,67,,,52,,,,,,,Yes,,,,150,,LED,,,,,,No,,,,Touch,,DC,,110,,No,,No,,No,,,,,,,,Yes,,,,,Black,,,,No,,,,,,,,,,,,A++,,,27.8,,,220-240 V ~ 50/60 Hz,,No plug,,1.6,,Class I,,116,,64,,,200,,41,,41,,15.61,,ISTA 3A,,1,,"hood,cable,carton filters, screws bag, ceiling spare parts and instruction manual.",,,,,
10048766,Skyfall 45cm A+++ Class Blk,Klarstein,Skyfall,,,,,,,7023B,,40,,625,,,399,,,216,,,E,,,A,,,A,,,3,,1,,59,,,40,,,,,,,Yes,,,,150,,LED,,,,4.5,,No,,,,Touch,,DC,,90,,No,,No,,No,,,,1306,,,,No,,,,,Black,,,,No,,,,,,,,,,,,A+++,,,7.7,,,220-240 V ~ 50/60 Hz,,Type E/F - 2 pin (German) - Schuko,,1.8,,Class II,,,,53,,,43.6,,38,,41.3,,11.85,,ISTA 1A,,,,,,,,,
10048767,Skyfall 45cm A+++ Class Gld,Klarstein,Skyfall,,,,,,,7023B (Gold),,40,,625,,,399,,,216,,,E,,,A,,,A,,,3,,1,,59,,,40,,,,,,,Yes,,,,,,LED,,,,4.5,,No,,,,Touch,,DC,,90,,No,,No,,No,,,,1306,,,,No,,,,,Gold,,,,No,,,,,,,,,,,,A+++,,,7.7,,,220-240 V ~ 50/60 Hz,,Type E/F - 2 pin (German) - Schuko,,1.8,,Class II,,,,53,,,43.6,,38,,41.3,,11.85,,ISTA 1A,,,,,,,,,
10048768,Skyfall 45cm A+++ Class Slv,Klarstein,Skyfall,,,,,,,7023B (Silver),,40,,625,,,399,,,216,,,E,,,A,,,A,,,3,,1,,59,,,40,,,,,,,Yes,,,,,,LED,,,,4.5,,No,,,,Touch,,DC,,90,,No,,No,,No,,,,1306,,,,No,,,,,Silver,,,,No,,,,,,,,,,,,A+++,,,7.7,,,220-240 V ~ 50/60 Hz,,Type E/F - 2 pin (German) - Schuko,,1.8,,Class II,,,,53,,,43.6,,38,,41.3,,11.85,,ISTA 1A,,,,,,,,,
10049288,Tron Ambience A++ Blk,Klarstein,,,,,,,,,,,,,,,,,,,,,,,,,,,,,,,,,,,,,,,,,,,,,,,,,,,,,,,,,,,,,,,,,,,,,,,,,,,,,,,,,,,,,,,,,,,,,,,,,,,,,,,,,,,,,,,,,,,,,,,,,,,,,,,,,,,,,,,
10049289,Tron Ambience A++ SS,Klarstein,,,,,,,,,,,,,,,,,,,,,,,,,,,,,,,,,,,,,,,,,,,,,,,,,,,,,,,,,,,,,,,,,,,,,,,,,,,,,,,,,,,,,,,,,,,,,,,,,,,,,,,,,,,,,,,,,,,,,,,,,,,,,,,,,,,,,,,
10049290,Tron Ambience A++ Wht,Klarstein,,,,,,,,,,,,,,,,,,,,,,,,,,,,,,,,,,,,,,,,,,,,,,,,,,,,,,,,,,,,,,,,,,,,,,,,,,,,,,,,,,,,,,,,,,,,,,,,,,,,,,,,,,,,,,,,,,,,,,,,,,,,,,,,,,,,,,,