L1,L2,L3
Large Appliances, Clothes Dryers,
Small Appliances,Air Fryers,Hot Air Fryers
Small Appliances,Air Fryers,Air Fry Ovens
Climate,Air Purifiers,
Home & Décor,Bathroom,Toilet Seats
Home & Décor,Bathroom,Bathroom Accessories
Small Appliances,Beer Brewing & Dispensing,Home Breweries
Small Appliances,Beer Brewing & Dispensing,Beer Dispensers
Small Appliances,Coffee Makers,Espresso Coffee Makers
Small Appliances,Coffee Makers,Filter Coffee Makers
Small Appliances,Coffee Makers,Automatic Coffee Machines
Climate,Cooling,Mobile Air Conditioners
Climate,Cooling,Ceiling Fans
Climate,Cooling,Air Coolers
Climate,Cooling,Tower Fans
Climate,Dehumidifiers,Home Dehumidifiers
Climate,Dehumidifiers,Industrial Dehumidifiers
Home & Décor,Dining & Tableware,Kids’ Water Bottles
Large Appliances,Dishwashers,Built-In Dishwashers
Large Appliances,Dishwashers,Tabletop Dishwashers
Large Appliances,Dishwashers,Freestanding Dishwashers
Small Appliances,Electric Grills,Raclette Grills
Small Appliances,Electric Grills,Commercial Grills
Small Appliances,Electric Grills,Steak Grills
Small Appliances,Electric Grills,Kebab Grills
Sports & Leisure,Fitness Machines,Treadmills
Sports & Leisure,Fitness Machines,Rowing Machines
Sports & Leisure,Fitness Machines,Cardio Bikes
Sports & Leisure,Fitness Machines,Vibration Platforms
Small Appliances,Food Dehydrators,Commercial Food Dehydrators
Small Appliances,Food Dehydrators,Domestic Food Dehydrators
Large Appliances,Freezers,Mini Freezers
Large Appliances,Freezers,Freestanding Freezers
Large Appliances,Freezers,Chest Freezers
Sports & Leisure,Games & Entertainment,Dartboards
Garden,Garden Furniture,Swings
Garden,Garden Furniture,Sunbeds
Garden,Garden Furniture,Loungers
Garden,Garden Furniture,Garden Tables
Garden,Garden Furniture,Garden Chairs
Garden,Garden Structures & Shade,Gazebos
Garden,Garden Structures & Shade,Pergolas
Garden,Garden Structures & Shade,Privacy Screens
Garden,Garden Structures & Shade,Umbrellas
Garden,Garden Utilities,Firepits
Garden,Garden Utilities,Fountains
Garden,Garden Utilities,Garden Showers
Garden,Garden Utilities,Firewood Stands
Garden,Gardening & Equipment,Raised Garden Beds
Garden,Gardening & Equipment,Wheelbarrows & Carts
Garden,Grills,Electric Grills
Garden,Grills,Charcoal Grills
Garden,Grills,Kamado Grills
Garden,Grills,Outdoor Pizza Ovens
Garden,Grills,Smokers
Audio,Hifi Systems & Components,Turntables
Audio,Hifi Systems & Components,Hifi Amplifiers
Audio,Hifi Systems & Components,Hifi Cd Players
Large Appliances,Hobs,Induction Hobs
Large Appliances,Hobs,Gas Hobs
Large Appliances,Hobs,Hobs with Integrated Hoods
Large Appliances,Hobs,Glass-Ceramic Hobs
Large Appliances,Hobs,Tabletop Hobs
Large Appliances,Hobs,Hybrid Hobs
Large Appliances,Hobs,Electric Hobs
Large Appliances,Hobs,Combination Hobs
Audio,Home Theaters,5.1 Speaker Systems
Small Appliances,Hot Dog Makers,
Large Appliances,Humidors,
Small Appliances,Ice Cream Makers,
Small Appliances,Ice Makers,Domestic Ice Makers
Small Appliances,Ice Makers,Commercial Ice Makers
Small Appliances,Ice Makers,Ice Crushers
Climate,Indoor Heaters,Infrared Panels
Climate,Indoor Heaters,Designer Radiators
Climate,Indoor Heaters,Electric Fireplaces
Climate,Indoor Heaters,Convectors
Climate,Indoor Heaters,Bathroom Radiators
Climate,Indoor Heaters,Heating Blankets
Climate,Indoor Heaters,Elelctric Radiators
Small Appliances,Kettles,
Sports & Leisure,Kids Sports & Play,Kids Essentials
Home & Décor,Kitchen,Lunch Boxes
Home & Décor,Kitchen,Kitchen Knives
Home & Décor,Kitchen,Kitchen Sinks
Home & Décor,Kitchen,Kitchen Helpers
Small Appliances,Kitchen Machines,Stand Mixers
Small Appliances,Kitchen Machines,Food Processors
Small Appliances,Kitchen Machines,Juicers
Small Appliances,Kitchen Machines,Mixers
Home & Décor,Living & Home Accessories,Watch Winders
Small Appliances,Meat Grinders,
Large Appliances,Microwave Ovens,Built-In Microwave Ovens
Large Appliances,Microwave Ovens,Freestanding Microwave Ovens
Small Appliances,Milk Makers,
Small Appliances,Mini Ovens,
Garden,Outdoor Cooking & Kitchens,
Climate,Outdoor Heaters,Infrared Heaters
Climate,Outdoor Heaters,Ethanol Heaters
Climate,Outdoor Heaters,Gas Heaters
Large Appliances,Ovens,Built-In Ovens
Small Appliances,Pasta Makers,
Small Appliances,Pizza Ovens,
Small Appliances,Popcorn Makers,
Small Appliances,Preserving Pots,
Large Appliances,Range Hoods,Angled Hoods
Large Appliances,Range Hoods,Chimney Hoods
Large Appliances,Range Hoods,Island Hoods
Large Appliances,Range Hoods,Downdraft Hoods
Large Appliances,Range Hoods,Built-In Hoods
Large Appliances,Range Hoods,Telescopic Hoods
Large Appliances,Range Hoods,Under-Cabinet Hoods
Large Appliances,Range Hoods,Ceilling Hoods
Large Appliances,Refrigerators,Beverage Coolers
Large Appliances,Refrigerators,Mini Fridges
Large Appliances,Refrigerators,Portable Refrigerators
Large Appliances,Refrigerators,Meat-Aging Refrigerators
Large Appliances,Refrigerators,Fridges with Freezers
Large Appliances,Refrigerators,Fridges without Freezers
Small Appliances,Sous Vide,
Small Appliances,Toasters,
Small Appliances,Vacuum Cleaners,Stick Vacuum Cleaners
Small Appliances,Vacuum Cleaners,Industrial Vacuum Cleaners
Home & Décor,Waste & Storage,Bins For Sorted Waste
Home & Décor,Waste & Storage,Touchless Waste Bins
Home & Décor,Waste & Storage,Container Stands
Small Appliances,Water Filters,Undersink Filters
Small Appliances,Water Filters,Countertop Filters
Climate,Water Heaters,
Large Appliances,Wine Coolers,Freestanding Wine Coolers
Large Appliances,Wine Coolers,Built-In Wine Coolers
Large Appliances,Wine Coolers,Under-Counter Wine Coolers
,,
